"EDIT","ID","NAME","MODEL","IMAGE","PRICE","SIM","VIDEO_PLAYER","MUSIC_PLAYER","FRONT_FACING_CAMERA","REAR_CAMERA","PRIMARY_CAMERA_FEATURES","NETWORK_TYPE","BLUETOOTH","WIFI","GPRS","RESOLUTION","SCREEN_SIZE","BATTERY_TYPE","MEMORY","GRAPHICS","OS","PROCESSOR","WARRANTY","BRAND","TYPE","RANGE","KEYWORD","VERSION"
"
","5","LeEco Le Max2 (Rose Gold, 32 GB)                
","le x821                
","images/lemax2.jpeg","22990                
","Nano SIM(LTE + LTE)                
","Yes, Supports MP4, TS, ASF, WMV, MKV, WEBM, AVI, DivX, 3GP, 3G2, Full HD, 4K - Ultra HD                
","Yes, Supports AAC, AAC+, AAC++, AMR, AWB, MIDI, MP3, WAV, RAW, WMA, FLAC, DD, DD+, DTS-LBR, DTS-HD                
","Yes, 8 MP                
","Yes, 21 MP                
","F2.0 Aperture, 1/2.4 inch Sensor Size, PDAF, Close Loop, Auto Focus, Manual Focus, HDR, Scene Mode, 4K Recording, Slow Motion Recording (720p at 120 fps), Optical Image Stabilization, BSI, CMOS Sensor, FOV 78.4                
","4G, 3G                
","Yes, v4.1, Supported Profiles (LE, A2DP, APT-X)                
","Yes, 802.11 a/b/g/n/ac                
","Yes                
","WQHD, 2560 x 1440 Pixels                
","5.7 inch                
","Li-Ion Polymer, 3100 mAh                
","4 GB RAM, 32 GB ROM                
","Adreno 530                
","Android","2.15 GHz + Qualcomm Snapdragon 820, Quad Core                
","1 year manufacturer warranty for Phone and 6 months warranty for in the box accessories                
","LeEco","Smart Phones","15000 to 25000","LE MAX, LE MAX2, MAX2, MAX, LEECO, LEECO LE, LEECO LE MAX2, PHONES, LEECO PHONES, SMART PHONES","6.0.1"
"
","6","Moto X Play(With Turbo Charger) (White, 32 GB)  
","XT1562  
","images/xplay.jpeg","15499","Nano SIM(LTE + LTE)","Yes, Supports MPEG4, H.264, Full HD  
","Yes, Supports MP3  
","Yes, 5 MP  
","Yes, 21 MP  
","f/2.0 Aperture, Quick Capture, Tap Anywhere to Capture, Slow Motion Video, Burst Mode, Night Mode, Auto HDR, Panorama, Drag to Focus and Exposure, Closed Loop Processing  
","4G, 3G  
","Yes, v4, Supported Profiles (LE)  
","Yes, 802.11 a/g/b/n  
","Yes  
","Full HD, 1920 x 1080 Pixels  
","5.5 inch  
","Li-Ion, 3630 mAh  
","2 GB RAM, 16 GB ROM  
","Adreno 405; 550 MHz  
","Android","1.7 GHz + Qualcomm Snapdragon 615, Octa Core  
","1 year manufacturer warranty for Phone and for in the box accessories  
","Lenovo","Smart Phones","15000 to 25000","MOTO, LENOVO, MOTO X, X PLAY, MOTO X PLAY, PHONES, MOTO PHONES, SMART PHONES, LENOVO PHONES","5.1.1 (Lollipop)  
"
"
","10","SAMSUNG Galaxy J5 - 6 (New 2016 Edition) (Gold, 16 GB)  
","SM-J510FZDUINS/ SM-J510FZWUINS/ SM-J510FZKUINS  
","images/galaxyj5.jpeg","11499  
","Micro SIM(GSM + WCDMA)","Yes, Supports MP4, M4V, 3GP, 3G2, WMV, ASF, AVI, FLV, MKV, WEBM, Full HD  
","yes, Supports MP3, M4A, 3GA, AAC, OGG, OGA, WAV, WMA, AMR, AWB, FLAC, MID, MIDI, XMF, MXMF, IMY, RTTTL, RTX, OTA  
","Yes, 5 MP  
","Yes, 13 MP  
","CMOS, f/1.9, Auto Focus, Beauty Face, Continuous Shot, Interval Shot, Panorama, Sports Mode, Sound and Shot Mode, Zoom Support  
","4G, 3G, 2G  
","Yes, v4.1, Supported Profiles (A2DP, AVRCP, DI, HFP, HID, HOGP, HSP, MAP, OPP, PAN, PBAP)  
","Yes, 802.11 b/g/n  
","Yes  
","HD, 1280 x 720 Pixels  
","5.2 inch  
","Li-Ion, 3100 mAh  
","2 GB RAM, 16 GB ROM  
","Adreno 305  
","Android","1.2 GHz + Qualcomm MSM8916, Quad Core  
","1 Year Manufacturer Warranty for Phone and 6 Months Warranty for in the Box Accessories  
","Samsung","Smart Phones","5000 to 15000","SAMSUNG, GALAXY, J5, GALAXY J5, SAMSUNG GALAXY, SAMSUNG GALAXY J5, PHONES, SMART PHONES, SAMSUNG PHONES, SAMSUNG SMART PHONES","6.0.1 (Marshmallow)  
"
"
","15","Mi 5 (Black, 32 GB)  
","MZB4783IN  
","images/mi5.jpeg","24999","Nano SIM(LTE + LTE)","Yes, Supports MP4, M4V, MKV, XVID, H.265 / HEVC, H.264, MPEG4, VC-1, Full HD, 4K - Ultra HD  
","Yes, Supports WAV, MP3, AAC, FLAC, APE, DSD, PCM, AAC+, eAAC+, AMR (NB and WB  
","Yes, 4 MP  
","Yes, 16 MP  
","4-axis Optical Image Stabilization Camera: Calibrates in 8 Directions, Sony IMX298 Sensor, Sapphire Lens, DTI Image Enhancement, Landscape, Macro, 32s Manual Exposure, Slow-mo Video, 6-piece Lens, f/2.0 Aperture, PDAF Auto Focus, Qualcomm 2nd Gen Spectra ISP, Low Light Enhancement, HDR Adjustments  
","4G, 3G  
","Yes, v4.2  
","Yes, 802.11 a/b/g/n/ac  
","Yes  
","Full HD, 1920 x 1080 Pixels  
","5.15 inch  
","Li-Ion Polymer, 3000 mAh  
","3 GB RAM, 32 GB ROM  
","Adreno 530  
","Android","1.8 GHz + Snapdragon 820 Kryo, Quad Core  
","1 year manufacturer warranty for Phone and 6 Months for in the box accessories  
","Xiomi","Smart Phones","15000 to 25000","XIOMI, MI 5, XIOMI MI, XIOMI MI 5, PHONES, SMART PHONES, XIOMI PHONES, XIOMI SMART PHONES","6.0.1 (Marshmallow)  
"
"
","17","Apple iPhone 5S (Space Grey, 16 GB)    
","A1530    
","images/iphone5s.jpeg","21499","Nano SIM(GSM)","Yes, Supports H.264, MP4, M4V, MOV, Full HD    
","Yes, Supports MP3, WAV    
","Yes, 1.2 MP    
","Yes, 8 MP    
","Primary Camera: Auto Focus, Tap to Focus, Face Detection, Panorama, Continuous Burst Mode, Geo-tagging, Sapphire Crystal Lens Cover, True Tone Flash, Backside Illumination Sensor, Five-element Lens, Hybrid IR Filter, Video Recording: 3x Zoom, 15 % Larger Image Sensor, f/2.2 Larger Aperture, 33 % Inc    
","3G    
","Yes, v4    
","Yes, 802.11 a/b/g/n    
","Yes","Retina Display, 1136 x 640 Pixels    
","4 inch    
","Li-Ion, 1560 mAh    
","1 GB RAM, 16 GB ROM    
","OpenGL ES 3.0    
","iOS","1.3 GHz + A7 Chip with 64-bit Architecture and M7 Motion Coprocessor, Dual Core    
","1 year manufacturer warranty for Phone and for in the box accessories    
","Apple","Smart Phones","15000 to 25000","APPLE, APPLE IPHONE, APPLE IPHONE 5S, IPHONE, IPHONE 5S, APPLE PHONES, APPLE SMART PHONES","7.0"
"
","20","Honor 5C (Gold, 16 GB)  
","NEM-L22  
","images/honor5c.jpeg","10999","Nano SIM(LTE + LTE)","Yes, Supports H.263, H.264, MPEG-4, Full HD  
","Yes, Supports MP3, MIDI, AMR-NB, AAC, AAC+, eAAC+, PCM  
","Yes, 8 MP  
","Yes, 13 MP  
","Auto Focus, Flash Support, Quick Shooting, Panoramic Shooting  
","4G, 3G, 2G  
","Yes, v4.1  
","Yes, 802.11 b/g/n  
","Yes, 60 kbps  
","Full HD, 1920 x 1080 Pixels  
","5.2 inch  
","Li-Polymer, 3000 mAh  
","2 GB RAM, 16 GB ROM  
","HUAWEI EMUI 6","Android","2.0 GHz + 1.7 GHz + Kirin650, Octa Core  
","1 year manufacturer warranty for Phone and 6 months warranty for in the box accessories  
","Huawei","Smart Phones","5000 to 15000","HUAWEI, HUAWEI HONOR, HUAWEI HONOR 5C, HONOR, HONOR 5C, HUAWEI PHONES, HONOR PHONES, HUAWEI SMART PHONES","6.0.1 (Marshmallow)  
"
"
","22","Sony Xperia XA Dual (Graphite Black, 16 GB)  
","Xperia XA Dual  
","images/sonyxa.jpeg","19990","Nano SIM(GSM + LTE)","Yes  
","Yes, Supports MP3  
","Yes, 8 MP  
","Yes, 13 MP  
","1/3 inch Exmor RS for Mobile Sensor, Quick Launch, Hybrid Auto Focus, HDR Photo, 5x Clear Image Zoom, Auto Scene Recognition  
","4G, 3G, 2G  
","Yes, v4 Supported","Yes  
","Yes  
","HD, 1280 x 720 Pixels  
","5 inch  
","Li-Ion, 2300 mAh  
","2 GB RAM, 16 GB ROM  
","Andreno 430","Android","2 GHz + MediaTek Helio P10 64-bit, Octa Core  
","1 year manufacturer warranty for Phone and 6 months warranty for in the box accessories  
","Sony","Smart Phones","15000 to 25000","SONY XPERIA XA, SONY PHONES, SMART PHONES, SONY SMART PHONES","6.0.1 (Marshmallow)  
"
"
","23","Mi Pad","Mi Pad","images/mipad.jpeg","10999","no sim","Yes , Full HD Playback, MPEG4, H.264, H.263","MP3, AAC, AAC+, AMR, MIDI, OGG, WB-AMR, eAAC+","5 megapixels","8 megapixels","BSI Sensor, f/2.0 Aperture, Focus Mode, Focus Area","Nil","Yes, v4 Supported","Yes, 802.11 a/b/g/n/ac","No","2048 x 1536 pixels Full HD","7.9 inch","6700 mah","2 GB RAM/16 GB ROM","NVIDIA Kepler 192 CUDA Cores","Android","2.2 GHz NVIDIA Tegra K1 ARM Cortex-A15 Quad Core","1 Year manufacturer warranty for the Tablet, 6 months manufacturer warranty for other inbox accessories","Xiomi","Tablets","5000 to 15000","XIOMI MI PAD, XIOMI PAD, XIOMI TABLETS,","4.4 KitKat"
"
","3","OnePlus 3 (Graphite, 64GB)","OnePlus 3","images/oneplus3.jpeg","26999","Micro Sim(LTE + LTE)","MP4/H.264/WMV player","MP3/eAAC+/WMA/WAV/FLAC player","Yes, 5 MP","Yes, 13 MP","1/3"" sensor size, 1.12 µm pixel size, geo-tagging, touch focus, face detection, panorama, HDR","4G, 3G","Yes, v4.1, A2DP","Yes, Wi-Fi 802.11 a/b/g/n/ac, Wi-Fi Direct, DLNA, hotspot","Yes, with A-GPS, GLONASS","1080 x 1920 pixels (~401 ppi pixel density)","5.5 inches (~71.9% screen-to-body ratio)","Non-removable Li-Polymer 3000 mAh","64 GB, 6 GB RAM","Adreno 330","Android","Qualcomm MSM8974AC Snapdragon 801","1 year manufacturer warranty for device and 6 months manufacturer warranty for in-box accessories including batteries from the date of purchase","OnePlus","Smart Phones","25000 to 35000","ONEPLUS 3, ONEPLUS3, ONEPLUS","6.0.1"
"
","4","Moto X Style (Black, 16 GB)","XT1572","images/xstyle.jpeg","20999","Micro SIM(LTE + LTE)","Yes, Supports MPEG4, H.264, Full HD  
","Yes, Supports MP3  
","Yes, 5 MP  
","Yes, 13 MP  
","f/2.0, Field of View (FOV) 76 Degrees, Auto Focus, Quick Capture (Twist Wrist to Launch Camera), Tap Anywhere to Capture, Enhance Software for Faster Image Capture and Video Stabilization, Slow Motion Video, Burst Mode, Panorama, Auto HDR, Video iHDR, Manual Focus and Exposure Controls, Timer  
","4G, 3G  
","Yes, v4, Supported Profiles (LE)  
","Yes, 802.11 b/g/n  
","Yes  
","HD, 1280 x 720 Pixels  
","5 inch  
","Li-Ion, 2470 mAh  
","2 GB RAM, 16 GB ROM  
","Adreno 405  
","Android","1.5 GHz + Qualcomm Snapdragon, Octa Core  
","1 year manufacturer warranty for Phone and 6 months warranty for in the box accessories  
","Lenovo","Smart Phone","15000 to 25000","MOTO, MOTO X, X STYLE, MOTO X STYLE, PHONES, MOTO PHONES, SMART PHONES, LENOVO PHONES","5.1.1 (Lollipop)  
"
"
","8","Moto X Force (Black, 64 GB)  
","XT 1580  
","images/xforce.jpeg","37999","Nano SIM(LTE)","Yes, Full HD, 4K - Ultra HD  
","Yes, Supports MP3  
","Yes, 5 MP  
","Yes, 21 MP  
","Aperture f/2.0, PDAF, Closed Loop Processing, Tap (Anywhere) to Capture, Continuous Shooting, Night Mode, Auto HDR, Panorama, Drag to Set Focus and Exposure, Video Stabilization, Video in Slow Motion  
","4G, 3G, 2G  
","Yes, v4.1, Supported Profiles (LE)  
","Yes, 802.11 a/b/g/n/ac  
","Yes  
","Quad HD, 2560 x 1440 Pixels  
","5.4 inch  
","Lithium-ion, 3760 mAh  
","3 GB RAM, 64 GB ROM  
","Adreno 430; 600 MHz  
","Android","2 GHz + Qualcomm Snapdragon 810, Octa Core  
","1 year manufacturer warranty for Phone and 6 Months for in the box accessories  
","Lenovo","Smart Phones","35000 to 50000","LENOVO, MOTO X FORCE, X FORCE, MOTO FORCE, PHONES, MOTO PHONES, SMART PHONES, LENOVO PHONES","5.1.1 (Lollipop)  
"
"
","16","Apple iPhone 6S Plus (Gold, 16 GB)  
","A1687  
","images/iphone6splus.jpeg","49999","Nano Sim(LTE)","Yes, Supports H.264, MP4, MOV, M4V, AAC-LC, MPEG4, AVI, MJPEG, PCM, Full HD, 4K - Ultra HD  
","Yes, Supports WAV, AAX, AAX+, AAC, VBR, MP3, AIFF, HE-AAC  
","Yes, 5 MP  
","Yes, 12 MP  
","Sight Camera, 1.22 µ Pixels, Live Photos, Auto Focus, Focus Pixels, True Tone Flash, Panorama (Upto 63 MP), Auto HDR for Photos, Exposure Control, Burst Mode, Timer Mode, f/2.2 Aperture, Five-element Lens, Hybrid IR Filter, Backside Illumination Sensor, Sapphire Crystal Lens Cover, Auto Image Stabi  
","4G, 3G, 2G  
","Yes, v4.2  
","Yes, 802.11 a/b/g/n/ac  
","Yes  
","Full HD, 1080 x 1920 Pixels  
","5.5 inch  
","Li-Ion, 2750 mAh  
","2 GB RAM, 16 GB ROM  
","PowerVR GT7600 (six-core graphics)  
","iOS","1.84 GHz + A9 Chip with 64-bit Architecture and M9 Motion Co-processor, Dual Core  
","1 year manufacturer warranty for Phone and 6 months warranty for in the box accessories  
","Apple","Smart Phones","35000 to 50000","APPLE IPHONE,APPLE,IPHONE, IPHONE 6S, IPHONE 6S PLUS, 6S PLUS, APPLE IPHONE 6S,APPLE IPHONE 6S PLUS, APPLE PHONES, APPLE SMART PHONES","9.0"
"
","24","SAMSUNG Galaxy Tab A T355Y 16 GB 8 inch with Wi-Fi+4G","SM-T355YZAAINS","images/galaxytaba.jpeg","17900","normal (LTE)","Yes , Full HD Playback","MP3, AAC, AAC+, AMR, MIDI, OGG, WB-AMR, eAAC+","Nil","5.0 megapixels","BSI Sensor, f/2.0 Aperture,","4G, 3G","Yes, v4 Supported","Yes, 802.11 a/b/g/n/ac","Yes","1024 x 768 Pixels Full HD","8 inch","4200 mah","2 GB RAM, 16 GB ROM","Adreno 430","Android","1.2 GHz","1 Year manufacturer warranty for the Tablet, 6 months manufacturer warranty for other inbox accessories","Samsung","Tablets","15000 to 25000","SAMSUNG GALAXY TAB A T355Y, SAMSUNG TABLETS, GALAXY TABLETS","5.0 (Lollipop)"
"
","26","Apple iPad Air 2 Wi-Fi + Cellular 64 GB Tablet","iPad Air 2 Wi-F + Cellular 64 GB","images/ipadair.jpeg","48300","no sim","Yes , Full HD Playback, M4V, AAC-LC, MP4, MJPEG, MPEG4, MOV, H.264","MP3, VBR, AAC, WAV, AAX, AIFF, AAX+, AAC-HE","1.2 megapixels","8 megapixels","8MP iSight Camera, Autofocus, Panorama (up to 43MP), Auto HDR for Photos, Exposure Control, Burst Mode, Tap to Focus, Timer Mode, ¿/2.4 Aperture, Five-element lens, Hybrid IR Flter, Backside Illumination, Auto Image Stabilization, Face Detection, Photo Geotagging","4G","Yes, v4 Supported","Yes, 802.11 a/b/g/n/ac","Yes","2048 x 1536 pixels Full HD, Retina Display, LED Backlit Widescreen, IPS Technology, Finger Print-resistant Oleophobic Coating, Anti-reflective Coating, Fully Laminated Display","9.7 inch","7340 mah Lithium - Polymer","2 GB RAM/ 64 GB ROM","PowerVR GXA6850 (octa-core graphics)","iOS","A8X Chip with M8 Motion Co-processor","1 Year Warranty","Apple","Tablets","35000 to 50000","APPLE IPAD AIR 2, APPLE TABLETS","8.0.1"
"
","27","Microsoft Lumia 950 (White, 32 GB)","Lumia 950","images/lumia950.jpeg","29990","Dual Standby Sim (GSM + LTE)","Yes, Supports H.263, H.264 / AVC, MPEG-4, VC-1, Windows Video, H.265 / HEVC, Full HD, 4K - Ultra HD","Yes, Supports AMR-NB, GSM FR, AAC-LC","Yes, 5 MP","Yes, 20 MP","Auto Focus, 6 Lens Optics, Optical Image Stabilization, Oversampling, Sensor Size: 1/2.4-inch, f-number/aperture: f/1.9, Focal Length: 26 mm, Backside Illuminated Image Sensor, PureView, True 16:9 Sensor, Fast Focus, High Resolution Zoom, Minimum Focus Range: 10 cm","4G, 3G","Yes, v4 Supported","Yes, 802.11 a/b/g/n/ac","Yes","Quad HD, 2560 x 1440 Pixels","5.2 inch AMOLED","Li-Ion, 3000 mAh","3 GB RAM, 32 GB ROM","Adreno 430 GPU","Windows","1.8 GHz + Qualcomm Snapdragon 808","1 year manufacturer warranty for Phone and 6 months warranty for in the box accessories 
","Microsoft","Smart Phones","25000 to 35000","MICROSOFT LUMIA 950 XL, PHONES, MICROSOFT PHONES, SMART PHONES, MICROSOFT SMART PHONES","Windows 10 Mobile"
"
","28","Microsoft Lumia 640 XL (Black, 8 GB)","RM - 1067","images/lumia640xl.jpeg","13999","Dual Standby Sim (GSM + WCDMA)","Yes, Supports MPEG4, MP4, H.264, VC-1, H.263, AVC, Windows Video, Full HD","Yes, Supports AAC-LC, AMR-NB, GSM FR","Yes, 5 MP","Yes, 13 MP","	Auto Focus, ZEISS Optics, Sensor size: 1/3-inch, f-number/aperture: f/2.0, Focal Length: 28 mm, Backside-illuminated Image Sensor, Focus Range: 10 cm, Dynamic Flash, Rich Capture, Lumia Camera, Lumia Refocus, Lumia Moments","4G, 3G","Yes, v4 Supported","Yes, 802.11 b/g/n","Yes","HD, 1280 x 720 Pixels","5.7 inch","3000 mAh","1 GB RAM, 8 GB ROM","Adreno 305","Windows","1.2 GHz + Qualcomm Snapdragon 400, Quad Core","1 year manufacturer warranty for Phone and 6 months warranty for in the box accessories","Microsoft","Smart Phones","5000 to 15000","MICROSOFT LUMIA 640 XL, MICROSOFT PHONES, PHONES, SMART PHONES, MICROSOFT SMART PHONES","Windows 10 Mobile"
"
","18","LeEco Le 2 (Rose Gold, 32 GB)  
","Le X526  
","images/le2.jpeg","11999","Nano SIM(LTE + LTE)","Yes, Supports MP4, TS, ASF, WMV, MKV, WEBM, AVI, DivX, 3GP, 3G2, Full HD, 4K - Ultra HD  
","Yes, Supports AAC, AAC+, AAC++, AMR, AWB, MIDI, MP3, WAV, RAW, WMA, FLAC, DD, DD+, DTS-LBR, DTS-HD  
","Yes, 8 MP  
","Yes, 16 MP  
","F2.0 Aperture, 1/3.1 inch Sensor Size, PDAF, Close Loop, Auto Focus, Manual Focus, HDR, Scene Mode, 4K Recording, Slow Motion Recording (720p at 120 fps), BSI, FOV 78.6  
","4G, 3G  
","Yes, v4.1, Supported Profiles (SPP, DUN, OPP, FTP, HID, PAN, HSP, HFP, A2DP, AVRCP, GAVDP)  
","Yes, 802.11 a/b/g/n/ac  
","Yes  
","Full HD, 1920 x 1080 Pixels  
","5.5 inch  
","Li-Ion Polymer, 3000 mAh  
","3 GB RAM, 32 GB ROM  
","Andreno 530","Android","1.8 GHz + Qualcomm Snapdragon 652, Octa Core  
","1 year manufacturer warranty for Phone and 6 months warranty for in the box accessories  
","LeEco","Smart Phones","5000 to 15000","LEECO LE, LEECO, LE2,LE 2, LEECO LE2, LEECO LE 2, PHONES, LEECO PHONES, SMART PHONES","6.0.1 (Marshmallow)"
"
","19","Honor 7 (Mystery Grey, 16 GB)   
","PLK-UL00   
","images/honor7.jpeg","22999","Nano SIM(LTE)","Yes, Supports H.263, H.264, MPEG4, 3GP, MP4, Full HD   
","Yes, Supports MP3, MIDI, AMR-NB, AAC, AAC+, eAAC+   
","Yes, 8 MP   
","Yes, 20 MP   
","Quick Shooting, Panoramic Shooting, Good Food Shooting, Beauty, Watermark, Audio Control, Touch to Capture, Capture Smiles, Burst Shoot, Auto Focus   
","4G, 3G   
","Yes, v4.1, Supported Profiles (A2DP, LE, EDR)   
","Yes, 802.11 b/g/n   
","Yes   
","Full HD, 1920 x 1080 Pixels   
","5.2 inch   
","Li-Polymer, 3100 mAh   
","3 GB RAM, 16 GB ROM   
","Mali-T628 MP4   
","Android","2.2 GHz + 1.5 GHz + Hisilicon Kirin 935, Octa Core   
","1 year manufacturer warranty for Phone and 6 months warranty for in the box accessories   
","Huawei","Smart Phones","15000 to 25000","HONOR, HONOR 7, HUAWEI HONOR, HUAWEI HONOR 7,HUAWEI, HUAWEI PHONES, HONOR PHONES, HUAWEI SMART PHONES","5.0.1 (Lollipop), Upgradable to v6.0 (Marshmallow)   
"
"
","21","Sony Xperia M4 Aqua Dual (Black, 16 GB)  
","E2363  
","images/sonym4.jpeg","20890","Dual Sim, GSM + LTE, (Dual Active)  
","Yes, Supports 3GPP, MP4, Matroska, AVI, XviD, WEBM, Full HD  
","Yes, Supports MP3, M4A, SMF, MID, WAV, OTA, OGG, Vorbis, AMR  
","Yes, 5 MP  
","Yes, 13 MP  
","Auto Focus, HDR for Photos, Sony Exmor RS for Mobile Image Sensor, SteadyShot, Superior Auto, Image Stabiliser, Geo-tagging, Red-eye Reduction, Camera Apps (Movie Creator, AR Fun, Portrait Re-touch, Sound Photo)  
","4G, 3G  
","Yes, v4.1  
","Yes  
","Yes  
","HD, 1280 x 720 Pixels  
","5 inch  
","2400 mAh  
","2 GB RAM, 16 GB ROM  
","Adreno 405  
","Android","1.5 GHz + 1 GHz + Qualcomm Snapdragon 615 MSM8939, Octa Core  
","1 year manufacturer warranty for Phone and 6 months warranty for in the box accessories  
","Sony","Smart Phones","15000 to 25000","SONY XPERIA M4, SONY PHONES, SMART PHONES, SONY SMART PHONES","5.0 (Lollipop)  
"
"
","25","Asus Zenpad 8.0 380KL 16 GB 8 inch with Wi-Fi+4G","Z380KL-1L067A","images/zenpad.jpeg","15998","microSim(LTE)","Yes, MP4, M4V, WEBM","MP3, M4A, 3GA, AAC, OGG, OGA, WAV, AMR, AWB, FLAC, MID, MIDI, XMF, MXMF, IMY, RTTTL, RTX, OTA","2 megapixels","8 megapixels","Primary Camera: f/2.0 Aperture, ,PixelMaster, HDR, Beautification Mode; Secondary Camera: Selfie Panorama, 140 Degree Panoramic Selfies, f/2.2 Aperture, 75 Degree Field of View","4G, 3G","Yes, v4 Supported","Yes, 802.11 b/g/n","Yes","1280 x 800 pixels IPS, LED Backlight, IPS Display, Anti-fingerprint Coating, Tru2Life Technology, 76.5% Screen to Body Ratio, VisualMaster, TruVivid and Bluelight Filter, Splendid, 178 Degree View Angle","8 inch","4000 mah Lithium Polymer","2 GB RAM/ 16 GB ROM","Adreno 405; 500 MHz","Android","1.4 GHz Qualcomm Snapdragon 610 MSM8929 Octa Core","1 Year manufacturer warranty for the Tablet, 6 months manufacturer warranty for other inbox accessories","Asus","Tablets","15000 to 25000","ASUS TABLETS, ASUS ZENPAD 8.0 380KL","5.0 (Lollipop)"
"
","1","SAMSUNG Galaxy S7 (Gold Platinum, 32 GB)","SM-G930FZKUINS/SM-G930FZSUINS/SM-G930FZDUINS","images/galaxys7.jpeg","47900","Nano Sim (LTE + LTE)","Yes, Supports MP4, M4V, 3GP, 3G2, WMV, ASF, AVI, FLV, MKV, WEBM, Full HD, 4K - Ultra HD","Yes, Supports MP3, M4A, 3GA, AAC, OGG, OGA, WAV, WMA, AMR, AWB, FLAC, MID, MIDI, XMF, MXMF, IMY, RTTTL, RTX, OTA","Yes, 5 MP","Yes, 12 MP","Dual Pixel, Auto Focus, Motion Mode, Panorama Mode, f/1.7, Hyperlapse, Slow Motion, Pro-mode, Live Broadcast, Video Collage, Virtual Shot, Food Mode","4G, 3G","Yes, v4.2, Supported Profiles (ANT+)","Yes, 802.11 a/b/g/n/ac","Yes","Quad HD, 2560 X 1440 Pixels","5.1 inch","Li-Ion, 3000 mAh","4 GB RAM, 32 GB ROM","Exynos 8890","Android","2.3 GHz + 1.6 GHz Octa Core","1 year manufacturer warranty for Phone and 6 months warranty for in the box accessories","Samsung","Smart Phones","35000 to 50000","S7, GALAXYS7, GALAXY S7, SAMSUNG, SAMSUNG GALAXY S7, SMART PHONES, SAMSUNG PHONES, SAMSUNG SMART PHONES","6.0.1"
"
","2","Apple iPhone 6S (Space Grey, 64 GB)           
","MKQN2HN/A           
","images/iphone6s.jpeg","56999","Nano Sim(LTE)","Yes, Supports H.264, MP4, MOV, M4V, AAC-LC, MPEG4, AVI, MJPEG, PCM, Full HD, 4K - Ultra HD           
","Yes, Supports WAV, AAX, AAX+, AAC, VBR, MP3, AIFF, HE-AAC           
","Yes, 5 MP           
","Yes, 12 MP           
","iSight Camera, 1.22 µ Pixels, Live Photos, Auto Focus, Focus Pixels, True Tone Flash, Panorama (Upto 63 MP), Auto HDR for Photos, Exposure Control, Burst Mode, Timer Mode, f/2.2 Aperture, Five-element Lens, Hybrid IR Filter, Backside Illumination Sensor, Sapphire Crystal Lens Cover, Auto Image Stabi           
","4G, 3G, 2G           
","Yes, v4.2           
","Yes, 802.11 a/b/g/n/ac           
","yes           
","Retina Display, 750 x 1334 Pixels           
","4.7 inch           
","Li-Ion, 1715 mAh           
","2 GB RAM, 64 GB ROM           
","PowerVR GT7600 (six-core graphics)           
","iOS","1.84 GHz + A9 Chip with 64-bit Architecture and M9 Motion Co-processor, Dual Core           
","1 year manufacturer warranty for Phone and 6 months warranty for in the box accessories           
","Apple","Smart Phones","Above 50000","APPLE, IPHONE 6S, IPHONE, APPLE IPHONE, APPLE IPHONE 6S, APPLE PHONES, APPLE SMART PHONES","9.0"
"
","7","Moto Turbo (Black, 64 GB)  
","XT1225  
","images/turbo.jpeg","31999  
","Nano SIM(GSM)","Yes, Supports H.264 AVC, MPEG4 SP, H.263, VP8, H.265, HD, Full HD, 4K - Ultra HD  
","Yes, Supports AAC, AAC+, eAAC+, AMR-NB, AMR-WB, MIDI, MP3, PCM, WAVE, FLAC, OGG, Vorbis  
","Yes, 2 MP  
","Yes, 21 MP  
","F/2.0, Quick Capture, Auto Focus, Geo-tagging, Touch Focus, Face Detection, Panorama, Auto HDR, Full HD Recording at 30 fps, 720p Slow Motion, Tap Anywhere to Capture, Burst Mode  
","4G, 3G  
","Yes, v4, Supported Profiles (LE)  
","Yes, 802.11 a/b/g/n/ac  
","Yes  
","Quad HD, 2560 X 1440 Pixels  
","5.2 inch  
","3900 mAh  
","3 GB RAM, 64 GB ROM  
","Adreno 420; 600 Mhz  
","Android","2.7 GHz + Qualcomm Snapdragon 805 QSC 8084, Quad Core  
","1 year manufacturer warranty for Phone and for in the box accessories  
","Lenovo","Smart Phones","25000 to 35000","LENOVO, MOTO, MOTO TURBO, TURBO,PHONES, MOTO PHONES, SMART PHONES, LENOVO PHONES","5.0.2 (Lollipop)  
"
"
","9","SAMSUNG Galaxy J7 - 6 (New 2016 Edition) (Gold, 16 GB)  
","SM-J710FZKUINS/ SM-J710FZWUINS/ SM- J710FZDUINS  
","images/galaxyj7.jpeg","15990  
","Micro SIM(GSM+WCDMA)  
","Yes, Supports MP4, M4V, 3GP, 3G2, WMV, ASF, AVI, FLV, MKV, WEB  
","yes, Supports MP3, M4A, 3GA, AAC, OGG, OGA, WAV, WMA, AMR, AWB, FLAC, MID, MIDI, XMF, MXMF, IMY, RTTTL, RTX, OTA  
","Yes, 5 MP  
","Yes, 13 MP  
","CMOS, f/1.9, Auto Focus, Beauty Face, Continuous Shot, Interval Shot, Panorama, Sports Mode, Sound and Shot Mode, Zoom Support  
","4G, 3G  
","Yes, v4.1, Supported Profiles (A2DP, AVRCP, DI, HFP, HID, HOGP, HSP, MAP, OPP, PAN, PBAP)  
","Yes, 802.11 b/g/n  
","Yes  
","HD, 1280 x 720 Pixels  
","5.5 inch  
","Li-Ion, 3300 mAh  
","2 GB RAM, 16 GB ROM  
","ARM Mali-T830 MP1  
","Android","1.6 GHz + S5E7870 (Exynos 7870), Octa Core  
","1 Year Manufacturer Warranty for Phone and 6 Months Warranty for in the Box Accessories  
","Samsung","Smart Phones","15000 to 25000","SAMSUNG, GALAXY, SAMSUNG GALAXY, GALAXY J7, SAMSUNG GALAXY J7, SMART PHONES, SAMSUNG PHONES, SAMSUNG SMART PHONES","6.0.1 (Marshmallow)  
"
"
","11","Asus Zenfone 2 Laser ZE550KL (Black, 16 GB)  
","ZE550KL-1A017WW/ ZE550KL-1A111IN  
","images/zenfone2.jpeg","8999  
","Micro SIM(LTE + LTE)","Yes  
","Yes, Supports MP3  
","Yes, 5 MP  
","Yes, 13 MP  
","f/2.0 Aperture, 5-element Lens, Auto Focus, Dual Color Flash, Wide View, LED Flash, PixelMaster, Dual-color Real Tone Flash, Blue Glass IR Filter, Zero Shutter Lag, Back Light (HDR) Mode with ASUS PixelEnhancing Technology for up to 400% Brighter and Evenly Exposed Photos, Low Light Mode, Manual Mod  
","4G, 3G  
","Yes, v4  
","Yes, 802.11 b/g/n  
","Yes","HD, 1280 x 720 Pixels  
","5.5 inch  
","Li-Polymer, 3000 mAh  
","2 GB RAM, 16 ROM  
","Qualcomm Adreno 306  
","Android","1.2 GHz + Qualcomm Snapdragon 410 MSM8916, Quad Core  
","1 Year Manufacturer Warranty for Phone and 6 Months Warranty for in the Box Accessories  
","Asus","Smart Phones","5000 to 15000","ASUS, ZENFONE, ZENFONE 2, ASUS ZENFONE 2, ASUS ZENFONE, ASUS SMART PHONES","5.1.1 (Lollipop)  
"
"
","12","Asus Zenfone Selfie (Aqua Blue, With 3 GB RAM, With 32 GB)  
","ZD551KL 1K203WW  
","images/zenfones.jpeg","16999","Micro SIM(LTE + LTE)","Yes  
","Yes, Supports MP3  
","Yes, 13 MP  
","Yes, 13 MP  
","F/2.2 Aperture, Wide Angle (88 Degree) Lens with Dual Color Real Tone Flash, Selfie Panorama and Supports Macro Photography, Auto Focus  
","4G, 3G, 2G  
","Yes, v4  
","Yes, 802.11 b/g/n/ac  
","Yes  
","Full HD, 1920 x 1080 Pixels  
","5.5 inch  
","Li-Polymer, 3000 mAh  
","3 GB RAM, 32 ROM  
","Qualcomm Adreno 405 - MSM8939  
","Android","1.7 GHz + Qualcomm Snapdragon 615 MSM8939, Octa Core  
","1 Year Manufacturer Warranty for Phone and 6 Months Warranty for in the Box Accessories  
","Asus","Smart Phones","15000 to 25000","ASUS, ZENFONE, ASUS ZENFONE, ASUS ZENFONE SELFIE, ZENFONE SELFIE, ASUS SMART PHONES","5.0.1 (Lollipop)  
"
"
","13","Redmi Note 3 (Dark Grey, 32 GB) 
","MZB4666IN/MZB4667IN/MZB4668IN 
","images/note3.jpeg","11999","Micro SIM and Nano SIM (GSM + LTE) 
","Yes, Full HD 
","Yes, Supports AAC, HE-AAC, AMR, AMR-WB, QCELP, EVRC, MP3, AC3 
","Yes, 5 MP 
","Yes, 16 MP 
","/2.0 Aperture, Auto Focus Time: 0.1 sec, PDAF, Dual ISP 
","4G, 3G, 2G 
","Yes, v4.1 
","Yes, 802.11 ac 
","Yes 
","Full HD, 1920 x 1080 Pixels 
","5.5 inch 
","Li-Polymer 
","3 GB RAM, 32 GB ROM 
","Adreno 510 
","Android","1.8 GHz + Qualcomm Snapdragon 650 64-bit 
","1 Year Manufacturer Warranty for Phone and 6 Months Warranty for in the Box Accessories 
","Xiomi","Smart Phones","5000 to 15000","REDMI, NOTE 3, REDMI NOTE 3, XIOMI REDMI NOTE, XIOMI REDMI NOTE 3, XIOMI REDMI,XIOMI","5.1 (Lollipop) 
"
"
","14","Mi 4i (Grey, 16 GB)   
","MZB4345IN/ MZB4300IN   
","images/mi4i.jpeg","11999   
","Micro SIM(LTE + LTE)","Yes, Supports MP4, M4V, MKV, VIDX, XVID, ASF, RM, RMVB, Full HD   
   
","Yes, Supports MP3, AAC, AMR, FLAC, APE, OGG   
","Yes, 5 MP   
","Yes, 13 MP   
","Integrated Flash Support, Supports Beautify, Refocus, f/2.0, Sony/Samsung IMX214 Camera, 5-element Lens, Stacked CMOS Sensor, Full HD (Rear Camera)   
","4G, 3G   
","Yes, v4.1, Supported Profiles (LE)   
","Yes, 802.11 a/b/g/n/ac   
","Yes   
","Full HD, 1920 x 1080 Pixels   
","5 inch   
","Li-ion Polymer, 3030 mAh   
","2 GB RAM, 16 GB ROM   
","Adreno 405   
","Android","1.7 GHz + 2nd-gen Snapdragon 615 64-bit octa-core, Octa Core   
","1 Year Manufacturer Warranty for Phone and 6 Months Warranty for in the Box Accessories   
","Xiomi","Smart Phones","5000 to 15000","XIOMI, MI, MI 4I, XIOMI MI, XIOMI MI 4I, PHONES, SMART PHONES, XIOMI PHONES, XIOMI SMART PHONES","5.0.2 (Lollipop)   
"
